mean_bill_length,mean_bill_depth
43.99279279279279,17.164864864864864
